Sample,Treatment,UBI,PVY,PcaP
P1,PVY,32.7938385009766,31.4077529907227,35.2261085510254
P2,PVY,32.2938385009766,32.0077529907227,34.8261085510254
PP-1,PVY_p19,34.4600677490234,33.4348335266113,35.8117179870605
PP-2,PVY_p19,34.1600677490234,33.8348335266113,36.3117179870605
VP-1,VIGS_p19,33.9146919250488,34.7053451538086,35.5795593261718
VP-2,VIGS_p19,33.5146919250488,35.3053451538086,34.9795593261718
V-1,VIGS,33.4117179870605,38.2235221862793,38.5795593261719
V-2,VIGS,33.8117179870605,38.9235221862793,38.0795593261719
